"tanjong katong road,1965"
"perfect ten,2025"
"jervois treasures,2022"
"upper bukit timah road,1845"
"one draycott,2022"
"rezi 24,2022"
"trevose crescent,2001"
"almond avenue,1998"
"parkwood residences,2026"
"phoenix avenue,2024"
"uptown @ farrer,2021"
"the avenir,2028"
"bukit timah road,1845"
"77 @ east coast,2022"
"the rochester,2011"
"the linq @ beauty world,2025"
"10 evelyn,2022"
"royal hallmark,2025"
"shenton way,2011"
jalan lempeng
"19 nassim,2023"
"irwell hill residences,2026"
"king albert park,2017"
jalan bunga rampai
"draycott drive,2002"
"fourth avenue residences,1986"
"ps100,2015"
"treasure at tampines,2023"
makeway avenue
"swiss view,1994"
lorong k telok kurau
"normanton park,1977"
"westwood avenue,2002"
"marine drive,1975"
"the draycott,1980"
cairnhill road
"yishun ring road,1988"
pasir ris central street 3
"compassvale road,1998"
"the tre ver,2022"
margate road
"mount sophia,2007"
"whistler grand,2022"
slim barracks rise
"jalan besar,1932"
"sing joo walk,1955"
"west coast walk,2010"
"thomson road,1964"
"lorong l telok kurau,2014"
"kopar at newton,2023"
"wilshire residences,2024"
"sky everton,2023"
sin ming avenue
choa chu kang avenue 4
"changi road,1983"
"jalan kemaman,1993"
"tiong bahru estate,1930"
"seraya lane,2009"
"eng hoon street,1937"
"arena residences,2022"
"fifth avenue,1998"
lorong 40 geylang
"olloi,2022"
balmoral road
holland grove road
dyson road
"ola,2023"
"toh tuck place,1977"
"jalan remaja,1990"
"harbourfront place,2002"
"affinity at serangoon,2024"
"the arden,2025"
"the hyde,2022"